<?xml version="1.0" encoding="UTF-8"?>
<project-private xmlns="http://www.netbeans.org/ns/project-private/1">
    <editor-bookmarks xmlns="http://www.netbeans.org/ns/editor-bookmarks/2" lastBookmarkId="0"/>
    <open-files xmlns="http://www.netbeans.org/ns/projectui-open-files/2">
        <group>
            <file>file:/Users/hrai36/NetBeansProjects/Lab10XMLQuestions/src/app.java</file>
            <file>file:/Users/hrai36/NetBeansProjects/Lab10XMLQuestions/src/myJFramex.java</file>
            <file>file:/Users/hrai36/NetBeansProjects/Lab10XMLQuestions/XMLFiles/Rankings</file>
            <file>file:/Users/hrai36/NetBeansProjects/Lab10XMLQuestions/src/myJPanelx.java</file>
            <file>file:/Users/hrai36/NetBeansProjects/Lab10XMLQuestions/src/QuestionAnswer.java</file>
            <file>file:/Users/hrai36/NetBeansProjects/Lab10XMLQuestions/src/ScoreTime.java</file>
            <file>file:/Users/hrai36/NetBeansProjects/Lab10XMLQuestions/src/XML_240.java</file>
            <file>file:/Users/hrai36/NetBeansProjects/Lab10XMLQuestions/XMLFiles/XML_test.xml</file>
        </group>
    </open-files>
</project-private>
